{
    "navbar" :{
        "navbar-nav" : [
            {
                "text":"Home",
                "link": "/"
            },
            {
                "text":"Products",
                "link": "products"
            },
            {
                "text":"Buy Products",
                "link": "buy-products"
            },
            {
                "text":"Services",
                "link": "services"
            },
            {
                "text":"Contact Us",
                "link": "contact"
            },
            {
                "text":"Log Out",
                "link": "login"
            }
        ]
        
    }
}